<?xml version="1.0" encoding="UTF-8"?>
<project-private xmlns="http://www.netbeans.org/ns/project-private/1">
    <data xmlns="http://www.netbeans.org/ns/make-project-private/1">
        <activeConfTypeElem>1</activeConfTypeElem>
        <activeConfIndexElem>0</activeConfIndexElem>
    </data>
    <editor-bookmarks xmlns="http://www.netbeans.org/ns/editor-bookmarks/2" lastBookmarkId="0"/>
    <open-files xmlns="http://www.netbeans.org/ns/projectui-open-files/2">
        <group>
            <file>file:/C:/Users/Migue/OneDrive/Documents/NetBeansProjects/Projeto_LP/menus.c</file>
            <file>file:/C:/Users/Migue/OneDrive/Documents/NetBeansProjects/Projeto_LP/administrator.c</file>
            <file>file:/C:/Users/Migue/OneDrive/Documents/NetBeansProjects/Projeto_LP/main.c</file>
            <file>file:/C:/Users/Migue/OneDrive/Documents/NetBeansProjects/Projeto_LP/administrator.h</file>
            <file>file:/C:/Users/Migue/OneDrive/Documents/NetBeansProjects/Projeto_LP/menus.h</file>
            <file>file:/C:/Users/Migue/OneDrive/Documents/NetBeansProjects/Projeto_LP/user.h</file>
            <file>file:/C:/Users/Migue/OneDrive/Documents/NetBeansProjects/Projeto_LP/management.h</file>
            <file>file:/C:/Users/Migue/OneDrive/Documents/NetBeansProjects/Projeto_LP/companies.c</file>
            <file>file:/C:/Users/Migue/OneDrive/Documents/NetBeansProjects/Projeto_LP/user.c</file>
            <file>file:/C:/Users/Migue/OneDrive/Documents/NetBeansProjects/Projeto_LP/companies.h</file>
        </group>
    </open-files>
</project-private>
